{
  "entryAssembly": "CloudDriveWasm",
  "resources": {
    "hash": "sha256-29raQfAsO0W78eix0aDmqxWOyQgyoGtspNb+VK7ubeQ=",
    "runtime": {
      "dotnet.7.0.19.t8e99kuui5.js": "sha256-J9IVsSLjfEIyn/0XKSDWXHMve5eK11v9Aj06G7zPUYo=",
      "dotnet.timezones.blat": "sha256-kK6U8Vo/Xb8zgDH6JtdgAGSA6NUASHhvZoB+hINV0ms=",
      "dotnet.wasm": "sha256-Yhhbq9cHarEG6xZAL+0TOKnEurSXCWaXiUNUxYXNWuQ=",
      "icudt_CJK.dat": "sha256-SZLtQnRc0JkwqHab0VUVP7T3uBPSeYzxzDnpxPpUnHk=",
      "icudt_EFIGS.dat": "sha256-8fItetYY8kQ0ww6oxwTLiT3oXlBwHKumbeP2pRF4yTc=",
      "icudt_no_CJK.dat": "sha256-L7sV7NEYP37/Qr2FPCePo5cJqRgTXRwGHuwF5Q+0Nfs="
    },
    "assembly": {
      "BencodeNET.dll": "sha256-FjVFcMgw2wf7JcC61eCTlB8n85oE+MCx1x6arxKffvY=",
      "Blazored.LocalStorage.dll": "sha256-xcO4wZtFwM5I9DIZf1sZpOdcsaTjw1HyqJ5AWciMDAk=",
      "Blazored.Modal.dll": "sha256-OkL/zDQTP6kkz+pR8Lki2Pljk2hwf99nXDSmE1Id0cY=",
      "BlazorPagination.dll": "sha256-dMHq7CrMWeHn5R1pN72TRE/5YJfstWId26CDK9F0fKc=",
      "CloudDriveWasm.dll": "sha256-FfZ/t859pu1kha50RfWjFvbn5+xkBr8vM1TF11YbCY4=",
      "Google.Protobuf.dll": "sha256-vSVsEPI2t9L6+59ridLF3Sqnzfqk6qaLoQoWjqZbK80=",
      "Grpc.Core.Api.dll": "sha256-vu02UVovLSEMAyNw+7eAHkvRiOSby9HNcvOf69rwKPE=",
      "Grpc.Net.Client.dll": "sha256-nT5xuGARCpt+fKIVbOCjhebmvDO6tFVFUjuDB52vtr8=",
      "Grpc.Net.Client.Web.dll": "sha256-hLirTi2GU3KgwxHkVpfaziVaxrzGlfcJVjt2Ow0QyXY=",
      "Grpc.Net.Common.dll": "sha256-L6StiwMcCTc8UPEdsAgOPd4ehmcdEiJsWfBt75SaZ1A=",
      "Microsoft.AspNetCore.Components.dll": "sha256-jzK4PV8v5uv+PTRB9UdHUwg3s2SzYyOM3nb0N6Jwu7w=",
      "Microsoft.AspNetCore.Components.Forms.dll": "sha256-JcV21j0oJT9KUjV5SltucJjbluy1t1F6wnir1WQ46Nk=",
      "Microsoft.AspNetCore.Components.Web.dll": "sha256-DI69/XUzRWZ+/XzPJ1eDWxXOqWRT6h+Y9YVJ5GYU278=",
      "Microsoft.AspNetCore.Components.WebAssembly.dll": "sha256-MscPLRjrlsa51g/pBjB3VEMvSNM3ANgJCJll7JYC5+8=",
      "Microsoft.Bcl.AsyncInterfaces.dll": "sha256-EcDo/GQZkQrOT1Xd0jMPE3NwT5lsMq5DNsPxHVidLDQ=",
      "Microsoft.Bcl.HashCode.dll": "sha256-y5+O+HE1PNgSn0TwPo3hH4YjhuwltS3gYIkrSTD2QOs=",
      "Microsoft.EntityFrameworkCore.Abstractions.dll": "sha256-jwuU8F7rNVOmV+vsvTYo3KNLtZkkSHB9wtU8kiR5Pqc=",
      "Microsoft.EntityFrameworkCore.dll": "sha256-jn/W0gQUemSfH2Jjn1HqrwruNu1qxVd6nZ9M6nSGvBs=",
      "Microsoft.Extensions.Caching.Abstractions.dll": "sha256-MAKm1/l29LzNn+uTDX/syx4a2rUfhiDIqjtZDkNKUjs=",
      "Microsoft.Extensions.Caching.Memory.dll": "sha256-HYFgNAjDjPbemdbcK+C34iuaskOuHBwiGN0QzTsiFLc=",
      "Microsoft.Extensions.Configuration.Abstractions.dll": "sha256-X/f4fDl2cuIRXeWHhK/f2UqQbFioD+RU4a4CEh0zrrQ=",
      "Microsoft.Extensions.Configuration.dll": "sha256-9PTAXNUj49C5pebEVtTsoRpdXR2henU28twwbTuo3DE=",
      "Microsoft.Extensions.Configuration.Json.dll": "sha256-Q5AqJneA2TZnzC0IYzBx6j/tHRhWAeMbpH3BsV7KgWg=",
      "Microsoft.Extensions.DependencyInjection.Abstractions.dll": "sha256-oqnKiIDoF7nZTn7r2ROFcU2LDzVHhwSrjInHka9KPdA=",
      "Microsoft.Extensions.DependencyInjection.dll": "sha256-vfrYKEAFFCox24A0WSVpyXSmb37165rnBqpkyUF/QwA=",
      "Microsoft.Extensions.Localization.Abstractions.dll": "sha256-cleFSk6AGqNw1W0GgEl9llOz/uWpCT3SCLBUZC2fKCA=",
      "Microsoft.Extensions.Localization.dll": "sha256-qc/LSJ6pJmKeas7hgPFBpERsOdzTSQmBAH8y6y2NS/s=",
      "Microsoft.Extensions.Logging.Abstractions.dll": "sha256-XziYyWU765MMEbzjWk3br4shQynO1GyLBHH65ejG+8M=",
      "Microsoft.Extensions.Logging.dll": "sha256-Ph4JcBVRl6blMiw7aGCuJ6OrNtzL9k/obvxIVmqeWNQ=",
      "Microsoft.Extensions.Options.dll": "sha256-wre+hKKXkMGMevyOJFZjGvHYCrTSOFu4So3qzesaeIA=",
      "Microsoft.Extensions.Primitives.dll": "sha256-sPdkv1wd7P3O4JLiHZIrkTi2eeGHGBkIkMvVy8fOjvM=",
      "Microsoft.JSInterop.dll": "sha256-MmWOhKrnh78wXdZHn1FEEaHEZBKaq2ETt2C6lQziCoE=",
      "Microsoft.JSInterop.WebAssembly.dll": "sha256-CINf7y9/MQd41Xogmydycm4rVt+rOdgZAymO8ktk4UE=",
      "netstandard.dll": "sha256-ET6BwIGtsZk1Nw3u+NWguHYWdQ54ZPEpJr5IncTdJIo=",
      "System.Collections.Concurrent.dll": "sha256-ZEL0+fl+LbzjJ/lrGNGnO3fasvnNE8rTDzCxewOn0FA=",
      "System.Collections.dll": "sha256-PtcmTxyJI8jiR1aij4hdS4mZNSLR9NAnZaFhKRvqpik=",
      "System.Collections.Immutable.dll": "sha256-ATyQevtPnypH+YK2erLKindHnsLXhKvyWvYu3E/BwLQ=",
      "System.Collections.NonGeneric.dll": "sha256-tAJdNNxCRVrc9yyVGcjYVGk2w03Gg0ehBtTRJcHQpTo=",
      "System.Collections.Specialized.dll": "sha256-rs00haeUU2Sgk1QVHL7fCXYjlTP8ZSTaErln979ktp0=",
      "System.ComponentModel.Annotations.dll": "sha256-UtupoYtA8DZ0U2apA6pgBDvdTVrE9pikNetd1wOJqhc=",
      "System.ComponentModel.dll": "sha256-yMmUsvXFdwmnYxJdw1RmF+gFNer9bn6wBtO8uQX0Ayc=",
      "System.ComponentModel.Primitives.dll": "sha256-fSJADU+J42Jv34w6+ih+8QWHrTekyfhJNJr8i5poXw4=",
      "System.ComponentModel.TypeConverter.dll": "sha256-tgQkzLzpA7ekPzdzHWyK7mNuALTP+FPsIfe8NeMyEB8=",
      "System.Console.dll": "sha256-SKQB56TobHaZX5QoJG4/Q0jp/w0JyytmkWY+u8vCmZQ=",
      "System.Diagnostics.Debug.dll": "sha256-WSrUr9WJEpbuY5Pt0cBKL+JFOtKh/3GAgVmZObmA9m4=",
      "System.Diagnostics.DiagnosticSource.dll": "sha256-o8NzxjAObaownAJzRLwaIa0V8TSn/TZXSJj9mwAb04M=",
      "System.dll": "sha256-0BZJE2gXs/wh+3C4nWM+FavhxQBbhawa+nd5A0MMIa4=",
      "System.IO.Compression.dll": "sha256-gcp3hOKGpkpe+8k5nHB05zKamDNbRTXH9bbZoF7drsQ=",
      "System.IO.Pipelines.dll": "sha256-CPWRlou1jlcDvjFO+Szz3QH3/IGXpZ7w8Is28Gypou4=",
      "System.Linq.dll": "sha256-MGExySfoxvC06b39PmUiqFkTHE2b+vp+rZc9UMQl854=",
      "System.Linq.Expressions.dll": "sha256-ZKOMK1Ph+Neecm8tUaSJCU7xEjgqui+7lVuAB/IcN70=",
      "System.Linq.Queryable.dll": "sha256-+zjSoFtxFanmHBJH8ZGC8qsqguN235+lJ7tW9ZKo3jM=",
      "System.Memory.dll": "sha256-P/6LUlT6CjZ9nWs8hoKiiLbBTbTiEGVFmDGEgqQqRkA=",
      "System.Net.Http.dll": "sha256-vpx1CZrseXsPxVvfi4dtZO4LsRj/oDcMHpSNT2IkJEc=",
      "System.Net.NameResolution.dll": "sha256-pSMca363f4PVe8vgTii1pEKMFwHbRFrQQqTwgNgd0XU=",
      "System.Net.Primitives.dll": "sha256-FVhMAw3pok16WLG+tEfx5cdik8IaTVgQQl68rI1d0hA=",
      "System.Net.Sockets.dll": "sha256-76FScq/dem2u3A0g7pzIiup6K1oaToP9IOvUTQBvSWc=",
      "System.ObjectModel.dll": "sha256-+wdspBH6HDPOaEfuaYX1kp6M98mhBE4cL4GqeaF+aqo=",
      "System.Private.CoreLib.dll": "sha256-CcQBgrxhpR8MpSaKkm6otemMqy8sFxIYdS8oq9OA7EU=",
      "System.Private.Uri.dll": "sha256-r+zPnNNguYd+Bdifup3XJ3i2JUCfVQwtwfMoDRpONJc=",
      "System.Resources.ResourceManager.dll": "sha256-KqhVcV3UHmwOKK0OM9ZpH0yREca0IcILuMy4FhEwuAE=",
      "System.Runtime.dll": "sha256-HYA78XEumx0GeiaMbPXv0/nzk5l3vXr6tGs68csTQEo=",
      "System.Runtime.InteropServices.JavaScript.dll": "sha256-Ibh91E0VvgndlbCmuIz+HXY0u96qZjU55epmShOaBww=",
      "System.Security.Cryptography.Algorithms.dll": "sha256-+56/v8FwB+FDQLkWyB2WNxE+kIL44/5TmoE8hMsV0E8=",
      "System.Security.Cryptography.dll": "sha256-QHQ/mzUDKUBBAKZf5AE+/b4UrlgH60mN5mKE3Vt7QEw=",
      "System.Security.Cryptography.Primitives.dll": "sha256-bveYccGNuVY9DFeitn4ACnNxY4i4+3zLfx1SLbijEEE=",
      "System.Text.Encodings.Web.dll": "sha256-gEQ6PC05msc5X3VoWNramfjr52hZLcfUE+fS1mTpkqw=",
      "System.Text.Json.dll": "sha256-vUDhicfOxZ7IIGMraWEDI64ecYc4CdR8qyF4kxNlG3A=",
      "System.Text.RegularExpressions.dll": "sha256-l/ZlzbFS0/EeQ6U7Cu3xTPO04pAOM9r+AR6kKVdwdt4=",
      "System.Threading.dll": "sha256-Hb9b5N7Zmf4z3URof5w+9/gwU535fxdo75qGLcZ0Mt0=",
      "System.Threading.Tasks.dll": "sha256-WOqVvga7SfuD7u1+peYEsgniAhBG5lxmbfDG7dLMTLg=",
      "System.Threading.Tasks.Extensions.dll": "sha256-gvgeKs4FPxSXmNy7CcTnCbh25jhcYJuHJrbi+UWOO+Q=",
      "System.Threading.ThreadPool.dll": "sha256-JGi73hcg8oMqrjsg0kDhom8L/lEQ5il2/LKwsXBz+TQ=",
      "System.Transactions.Local.dll": "sha256-XiegE6HL2fe0nZFtCPjayUumtbWURZXhSS1H4IKaIVM=",
      "System.Web.HttpUtility.dll": "sha256-q+dlwnLKOPC496PKOLNTlwqas0VYTmmftJGuJT122g8="
    },
    "satelliteResources": {
      "zh-CN": {
        "zh-CN/CloudDriveWasm.resources.dll": "sha256-zduKTBkfMSpzxYxuZ0TdI6Ed4M+yDkF7vydIdi8vBzA="
      }
    },
    "runtimeAssets": {
      "dotnet.wasm": {
        "hash": "sha256-Yhhbq9cHarEG6xZAL+0TOKnEurSXCWaXiUNUxYXNWuQ=",
        "behavior": "dotnetwasm"
      }
    }
  },
  "cacheBootResources": true,
  "debugBuild": false,
  "debugLevel": 0,
  "linkerEnabled": true,
  "config": [],
  "icuDataMode": 0,
  "extensions": {
    "blazor": {}
  }
}