{
  "entryAssembly": "CloudDriveWasm",
  "resources": {
    "hash": "sha256-9g24BMNsfW5Lkr8P2dehJm3RbWE1EkltU9EPZGF91SY=",
    "runtime": {
      "dotnet.js": "sha256-eaJTmow4t8eE7FZMZR5Ja41JMOefGCbIYDTdpclGsac=",
      "dotnet.timezones.blat": "sha256-gbATD5HDsHYtW8vdPYh9iSBY4O5CjvMeCSF5xXWF1xo=",
      "dotnet.wasm": "sha256-2P6rVlE+GN7v/KBZsI/zwouhfpV38+1lEl5FMslgb4A=",
      "icudt_CJK.dat": "sha256-SZLtQnRc0JkwqHab0VUVP7T3uBPSeYzxzDnpxPpUnHk=",
      "icudt_EFIGS.dat": "sha256-8fItetYY8kQ0ww6oxwTLiT3oXlBwHKumbeP2pRF4yTc=",
      "icudt_no_CJK.dat": "sha256-L7sV7NEYP37/Qr2FPCePo5cJqRgTXRwGHuwF5Q+0Nfs="
    },
    "coreAssembly": {},
    "assembly": {
      "BencodeNET.dll": "sha256-FjVFcMgw2wf7JcC61eCTlB8n85oE+MCx1x6arxKffvY=",
      "Blazored.LocalStorage.dll": "sha256-xcO4wZtFwM5I9DIZf1sZpOdcsaTjw1HyqJ5AWciMDAk=",
      "Blazored.Modal.dll": "sha256-OkL/zDQTP6kkz+pR8Lki2Pljk2hwf99nXDSmE1Id0cY=",
      "BlazorPagination.dll": "sha256-dMHq7CrMWeHn5R1pN72TRE/5YJfstWId26CDK9F0fKc=",
      "CloudDriveWasm.dll": "sha256-W683I9FWaYCOHV6rAExq+ogOpEW1HH4B3gyZKXMy/8g=",
      "Google.Protobuf.dll": "sha256-jll4u1dawzZrMz08d9ZJO8Y2dcWDJA7iQYpU9n5AHGk=",
      "Grpc.Core.Api.dll": "sha256-zcv3VrljBUhZGFXAvqfz8R4exPMTNTS03GtOvwbR4Z0=",
      "Grpc.Net.Client.dll": "sha256-c4t3+FBeOUirAJvJFQ26gzdPuHtynRISnx7+5IuGY/Y=",
      "Grpc.Net.Client.Web.dll": "sha256-2MUXstfJjeMyC2V/DUX8RvPeIpxsdgIMF9zSzvGvcCU=",
      "Grpc.Net.Common.dll": "sha256-TyMqwyEy9xZEPBrjyL3eQMKEfV3PkElSSxBu+LGX+YY=",
      "Microsoft.AspNetCore.Components.dll": "sha256-h3kX4IZrtifShj5JQdKSFm0iYpeFIb6Cu15PzvTgfoE=",
      "Microsoft.AspNetCore.Components.Forms.dll": "sha256-y8rsjLCj43iVYFHqwh3Axcn2wumNqATdxzmJK9GA/JI=",
      "Microsoft.AspNetCore.Components.Web.dll": "sha256-lSkw4au10htmCluvz+oNIqaYTVysf30DAFF+WIcdEsQ=",
      "Microsoft.AspNetCore.Components.WebAssembly.dll": "sha256-lDefZ09PVmbljXcM5YQrIQb8RWAQbvA0d0LkdaxfK4E=",
      "Microsoft.Bcl.AsyncInterfaces.dll": "sha256-EcDo/GQZkQrOT1Xd0jMPE3NwT5lsMq5DNsPxHVidLDQ=",
      "Microsoft.Bcl.HashCode.dll": "sha256-y5+O+HE1PNgSn0TwPo3hH4YjhuwltS3gYIkrSTD2QOs=",
      "Microsoft.EntityFrameworkCore.Abstractions.dll": "sha256-jwuU8F7rNVOmV+vsvTYo3KNLtZkkSHB9wtU8kiR5Pqc=",
      "Microsoft.EntityFrameworkCore.dll": "sha256-jn/W0gQUemSfH2Jjn1HqrwruNu1qxVd6nZ9M6nSGvBs=",
      "Microsoft.Extensions.Caching.Abstractions.dll": "sha256-MAKm1/l29LzNn+uTDX/syx4a2rUfhiDIqjtZDkNKUjs=",
      "Microsoft.Extensions.Caching.Memory.dll": "sha256-HYFgNAjDjPbemdbcK+C34iuaskOuHBwiGN0QzTsiFLc=",
      "Microsoft.Extensions.Configuration.Abstractions.dll": "sha256-egcQRLiK94PEq8KGPxPqYb1t4s1C0/sMrgR76xizZjw=",
      "Microsoft.Extensions.Configuration.dll": "sha256-NnOJQQHzD88PnMketGAypdbLaH/M1HUL22vDZmOxHOo=",
      "Microsoft.Extensions.Configuration.Json.dll": "sha256-cExG38CE8o5ZvGtX3QOAoQ0Af9yAepDFA4Me5F7vucg=",
      "Microsoft.Extensions.DependencyInjection.Abstractions.dll": "sha256-iEAAgO3RZANponzwQlGAxppavSFfB5jJrEgPauuo6xk=",
      "Microsoft.Extensions.DependencyInjection.dll": "sha256-KY29QR0PVQ3ICk35HZ43om/cyyCu2E6sxB5isQQuOIM=",
      "Microsoft.Extensions.Localization.Abstractions.dll": "sha256-QHMrOuHWr89DlUmH4iIM827JgtEwa2NWWJSlz2cpe4U=",
      "Microsoft.Extensions.Localization.dll": "sha256-qc/LSJ6pJmKeas7hgPFBpERsOdzTSQmBAH8y6y2NS/s=",
      "Microsoft.Extensions.Logging.Abstractions.dll": "sha256-iehSari1ugpzSaFQ2OUucxwI+2w7CassknkTCx8aGHI=",
      "Microsoft.Extensions.Logging.dll": "sha256-5ocNs4arpL1kMJE/soYtNtNV8qB8yHWS3haTCbT6nXk=",
      "Microsoft.Extensions.Options.dll": "sha256-uEsqdH+FNHB3aB67C0Ep8TpS0gvljijGrZAS93psm00=",
      "Microsoft.Extensions.Primitives.dll": "sha256-csIJEMSvFML1Waz0s+IjE4JyTKCXtcea1N1nAG8d1J4=",
      "Microsoft.JSInterop.dll": "sha256-jiy0p2KEXYGTw5c+t9UUqdhsKeLtqzrkgMYjYSh9oCM=",
      "Microsoft.JSInterop.WebAssembly.dll": "sha256-NMnFndlYdbTup6xK/fkYKB1GiPoG3mPjoxlhuSsR/N0=",
      "netstandard.dll": "sha256-XcviK/o0fskPYZAQIfb243I37+XoTT+j7xjdtJwFgC8=",
      "System.Collections.Concurrent.dll": "sha256-60ONuNW+0QMCnvecqceHly5EjhJ1ZDOhyU3uvHZwHsU=",
      "System.Collections.dll": "sha256-27hqeGSUitI2PQXUTMNHlxK825330KlZT9oAdoUXEbY=",
      "System.Collections.Immutable.dll": "sha256-4QtaHNek1KAw3rt00JS6ArZVB8kdongowEOcuHUUl/0=",
      "System.Collections.NonGeneric.dll": "sha256-UOrtzVgOLh+mDcCLhoguvtGyRgtd1ouEQMG66UezZQw=",
      "System.Collections.Specialized.dll": "sha256-erXndwOZlgCYEVxibO9CyxqcgJaGcsJMqki40gqzfKk=",
      "System.ComponentModel.Annotations.dll": "sha256-ZLejulpm7/XxdOfH/N2a9XCkQ7/1gewadZPHzpSRYRY=",
      "System.ComponentModel.dll": "sha256-ltTqO+dw5n4ix2Usql/ZUwIyOyVtlDU5gEPCxbbvg8o=",
      "System.ComponentModel.Primitives.dll": "sha256-KzRfctYdwNB4dtTBzxg7CTqecY74vaUUx9fC4hDEeQM=",
      "System.ComponentModel.TypeConverter.dll": "sha256-kBYNbpLOEiEDPK7Pa2AhoH3fm4jfftB+D8WPhaYTRMU=",
      "System.Console.dll": "sha256-loCmpVqE23cfEDM4GH21UAZweBoe9HICYyiKE7mplu4=",
      "System.Diagnostics.Debug.dll": "sha256-HXAGBR4it4ip8MmVpu5tOdiTlODX3ttUA/EVC+UbBDI=",
      "System.Diagnostics.DiagnosticSource.dll": "sha256-c4y19yrz2dN1o8Ga/hd9uDsLR3thJVHA9M7QKuSryzY=",
      "System.dll": "sha256-X00CS76RYP+1bonecVV1Cn/0jOHeoVQUo1GS8UHpHpM=",
      "System.IO.Compression.dll": "sha256-rsE2RsjySFJXe0YhPkX+EKswQt+CpJsu0HTSENzaOlQ=",
      "System.IO.Pipelines.dll": "sha256-dxAHWVSHY57lH1XAWBWxXdtmfu9Vixkju0VqQiGy5/4=",
      "System.Linq.dll": "sha256-u7FX5JxutJU8grHcU5Md14YDk6eQ2SCWst3cJQPl+kY=",
      "System.Linq.Expressions.dll": "sha256-NKbrROmf63kh0xWgVyrfo6JDJgZOk+Dbu14KhHyGCEw=",
      "System.Linq.Queryable.dll": "sha256-cD2h9jl7uZG+joXkj5Av5LTLXGoenhiPz80Qi52TxvE=",
      "System.Memory.dll": "sha256-YvXgK12qHgyuVG2LO8g+i6hrCkNtdV8RgdS8KlqSPxU=",
      "System.Net.Http.dll": "sha256-VOIv05BuMJWmUFGcpnp2Jr0cXw+CU17zadmOoT+5Hvc=",
      "System.Net.NameResolution.dll": "sha256-m+c4PhZ20wPTnqdHDajET0dJh5ic3PVssEM8WWTQSxI=",
      "System.Net.Primitives.dll": "sha256-EVch9B9LYAT5zciGmQ6omMdxs/2arNoO5DlhIhck6oM=",
      "System.Net.Sockets.dll": "sha256-piQyEHMyXgPn8JFLQfp1wR+KO5rEZfv6Gw2Z/oksofI=",
      "System.ObjectModel.dll": "sha256-uuX3dXc8tLn+nZ4kXhtBV9BzJCpIsLje0jvkVsGrjcU=",
      "System.Private.CoreLib.dll": "sha256-Upqlqz7ny9Wk4y661WioCIGqWvBakS+pSyKPBK+Ay4s=",
      "System.Private.Uri.dll": "sha256-++UOzdxhZAuWnJUlXn4fWNnuO8Z7WwxPZgx2lm4PU1Y=",
      "System.Resources.ResourceManager.dll": "sha256-+MzCdSRFqmQiz+rjliGOIQ5sWJcD39CKDF0K9d0evjw=",
      "System.Runtime.dll": "sha256-4fNaZEzJQzmpPLaEXcT7Xruw3N/rqm+eBaIWWEdCrCo=",
      "System.Runtime.InteropServices.JavaScript.dll": "sha256-rzpGyyjUL4+ASZ1bvIB8FMdD4b4OhvCXv9OBEwDVUVM=",
      "System.Security.Cryptography.Algorithms.dll": "sha256-IFKb0T9ofEuMhgpkaE70zKzPR2S178UFS3yrf2PxxIg=",
      "System.Security.Cryptography.dll": "sha256-sWIrsksrSKbXEDntDVdb/aw3KomjaQZWxqZ/Xk47q0w=",
      "System.Security.Cryptography.Primitives.dll": "sha256-P5yWipsVI9tWgz5GgRBAeYzF/YCZhEY4Nl5mFXbJENI=",
      "System.Text.Encodings.Web.dll": "sha256-cXPV3AopBJ1yy6GHowt1JtWUx0zIrLa4QcvHFuDu/AU=",
      "System.Text.Json.dll": "sha256-aH1WMO3PlDT33EvKWs+Cd9G0cV9GCE7cAlDmlGdksuc=",
      "System.Text.RegularExpressions.dll": "sha256-Td7mj88lGBB4rgQCfPl9Dtx+D/ydY80MxYW/cxSXhd0=",
      "System.Threading.dll": "sha256-JBxPVTcH/Pw24PjQo+RtbKGxIZq+5hO6cc7Iz4/gtBU=",
      "System.Threading.Tasks.dll": "sha256-PT8oGE5QDyVnosQAf8gIoIAjn35fuLKVkYRXv4lP8Lc=",
      "System.Threading.Tasks.Extensions.dll": "sha256-JC2wgXzAlHhBry1i5yRhiSjpzCk5n9L6TGiTGb5arK4=",
      "System.Threading.ThreadPool.dll": "sha256-UWaKw7mXYNsngiCdRSoicBkP2DYovg2jGVHEa+1P3qI=",
      "System.Transactions.Local.dll": "sha256-txVgi/dR2a+f6dZdiHbIdQTH0rZKAmEWS2KPIQp86ec=",
      "System.Web.HttpUtility.dll": "sha256-d7wvx099+CYNAymHm602pU8RhI0v5SziiqzgRzAlVuE=",
      "TinyPinyin.dll": "sha256-Pn89ZeelB2yoI9zklrwYKmWO5yqssjAS6MGGqOWqLt4="
    },
    "satelliteResources": {
      "zh-CN": {
        "zh-CN/CloudDriveWasm.resources.dll": "sha256-5oS6WSeQICujz5Gpry3Xe8wy/s0cnnh6PtXvQ/b9TG0="
      }
    },
    "runtimeAssets": {
      "dotnet.wasm": {
        "hash": "sha256-",
        "behavior": "dotnetwasm"
      }
    }
  },
  "cacheBootResources": true,
  "debugBuild": false,
  "debugLevel": 0,
  "linkerEnabled": true,
  "config": [],
  "icuDataMode": 0,
  "extensions": {
    "blazor": {}
  }
}