{
  "entryAssembly": "CloudDriveWasm",
  "resources": {
    "hash": "sha256-mHQju9aWc5zQJQ5YOYkdIkAg4qXfX+nTKnBPeIyQSME=",
    "runtime": {
      "dotnet.7.0.18.fckmt15lg3.js": "sha256-lsqy0PQ8nf1/0sSlLGe3Kfwi8V0Q1QzVy5+AqtJ3cfU=",
      "dotnet.timezones.blat": "sha256-aPcvvHoFVwCzeRxTOvMTcrI2l2HKJO0sjSN7IF10LUQ=",
      "dotnet.wasm": "sha256-OGxk7jtpWsqGm1ExW4zusvMbpaiGNDOEBYX2Yac601c=",
      "icudt_CJK.dat": "sha256-SZLtQnRc0JkwqHab0VUVP7T3uBPSeYzxzDnpxPpUnHk=",
      "icudt_EFIGS.dat": "sha256-8fItetYY8kQ0ww6oxwTLiT3oXlBwHKumbeP2pRF4yTc=",
      "icudt_no_CJK.dat": "sha256-L7sV7NEYP37/Qr2FPCePo5cJqRgTXRwGHuwF5Q+0Nfs="
    },
    "assembly": {
      "BencodeNET.dll": "sha256-FjVFcMgw2wf7JcC61eCTlB8n85oE+MCx1x6arxKffvY=",
      "Blazored.LocalStorage.dll": "sha256-xcO4wZtFwM5I9DIZf1sZpOdcsaTjw1HyqJ5AWciMDAk=",
      "Blazored.Modal.dll": "sha256-OkL/zDQTP6kkz+pR8Lki2Pljk2hwf99nXDSmE1Id0cY=",
      "BlazorPagination.dll": "sha256-dMHq7CrMWeHn5R1pN72TRE/5YJfstWId26CDK9F0fKc=",
      "CloudDriveWasm.dll": "sha256-TQ1OtaLHnNszIcwop5dKtMLnp/t9bgrtixHrM3KfREs=",
      "Google.Protobuf.dll": "sha256-fbgEKuDAUrozCeY47E0v3KePFHYw0iz2DEjv+Ac0pgE=",
      "Grpc.Core.Api.dll": "sha256-xzaSCJb2uiTjKaeX4YiuC/T3SWfvEkt3VaVqSFOzhQs=",
      "Grpc.Net.Client.dll": "sha256-uhaEWWm/fmLFkxwlyCot0KWCSXl4lrmaV9Z5IYXX2oA=",
      "Grpc.Net.Client.Web.dll": "sha256-8ZTEF4ZbE2Norbxw3RIkrmB4ss0CHVoB2eKEX5iRB9g=",
      "Grpc.Net.Common.dll": "sha256-FN4s5sjhk3tlUDQlwMv8m9MIHJenIAng2ZBYi+Sm1ug=",
      "Microsoft.AspNetCore.Components.dll": "sha256-hUhLlBYLL04C7vSY9P+F1PCws35mMxtveB8sMQwYW1Q=",
      "Microsoft.AspNetCore.Components.Forms.dll": "sha256-xduGpNjzPmCxR8KCYK4ClO6h8R4KnpDctUlB/dDrA4k=",
      "Microsoft.AspNetCore.Components.Web.dll": "sha256-MmnN8RO6iRHlB3gUXq8Om2EkzOfL2IvpxEs3OQSUQW4=",
      "Microsoft.AspNetCore.Components.WebAssembly.dll": "sha256-kJP9p8isb8n36n5n6xOPL+TtOyyCcw5rHQi/FvCN/TA=",
      "Microsoft.Bcl.AsyncInterfaces.dll": "sha256-EcDo/GQZkQrOT1Xd0jMPE3NwT5lsMq5DNsPxHVidLDQ=",
      "Microsoft.Bcl.HashCode.dll": "sha256-y5+O+HE1PNgSn0TwPo3hH4YjhuwltS3gYIkrSTD2QOs=",
      "Microsoft.EntityFrameworkCore.Abstractions.dll": "sha256-jwuU8F7rNVOmV+vsvTYo3KNLtZkkSHB9wtU8kiR5Pqc=",
      "Microsoft.EntityFrameworkCore.dll": "sha256-jn/W0gQUemSfH2Jjn1HqrwruNu1qxVd6nZ9M6nSGvBs=",
      "Microsoft.Extensions.Caching.Abstractions.dll": "sha256-MAKm1/l29LzNn+uTDX/syx4a2rUfhiDIqjtZDkNKUjs=",
      "Microsoft.Extensions.Caching.Memory.dll": "sha256-HYFgNAjDjPbemdbcK+C34iuaskOuHBwiGN0QzTsiFLc=",
      "Microsoft.Extensions.Configuration.Abstractions.dll": "sha256-X/f4fDl2cuIRXeWHhK/f2UqQbFioD+RU4a4CEh0zrrQ=",
      "Microsoft.Extensions.Configuration.dll": "sha256-9PTAXNUj49C5pebEVtTsoRpdXR2henU28twwbTuo3DE=",
      "Microsoft.Extensions.Configuration.Json.dll": "sha256-Q5AqJneA2TZnzC0IYzBx6j/tHRhWAeMbpH3BsV7KgWg=",
      "Microsoft.Extensions.DependencyInjection.Abstractions.dll": "sha256-oqnKiIDoF7nZTn7r2ROFcU2LDzVHhwSrjInHka9KPdA=",
      "Microsoft.Extensions.DependencyInjection.dll": "sha256-vfrYKEAFFCox24A0WSVpyXSmb37165rnBqpkyUF/QwA=",
      "Microsoft.Extensions.Localization.Abstractions.dll": "sha256-wEl4NkuXmBKnb3ZPx7cfEKHdazhrYaWRRnH7ntGFrgo=",
      "Microsoft.Extensions.Localization.dll": "sha256-Vv9+Ngh924OIZSC7rCQcmL5uHg5BvHavmOlpSO2trQ8=",
      "Microsoft.Extensions.Logging.Abstractions.dll": "sha256-XziYyWU765MMEbzjWk3br4shQynO1GyLBHH65ejG+8M=",
      "Microsoft.Extensions.Logging.dll": "sha256-Ph4JcBVRl6blMiw7aGCuJ6OrNtzL9k/obvxIVmqeWNQ=",
      "Microsoft.Extensions.Options.dll": "sha256-wre+hKKXkMGMevyOJFZjGvHYCrTSOFu4So3qzesaeIA=",
      "Microsoft.Extensions.Primitives.dll": "sha256-sPdkv1wd7P3O4JLiHZIrkTi2eeGHGBkIkMvVy8fOjvM=",
      "Microsoft.JSInterop.dll": "sha256-AmAdzQ44yRy+gnAOZ/VlqCqvYVRrfMS9ZTqZVe2DrQ4=",
      "Microsoft.JSInterop.WebAssembly.dll": "sha256-RtiJRKJdKdgw1X5BLk8KANOUzD4Xg0QaIIFH6hBy6bA=",
      "netstandard.dll": "sha256-EHgUlOkjxAhL65dBwoEinTLcDd3us3gWmw9MBbwr+2Q=",
      "System.Collections.Concurrent.dll": "sha256-cjsaU+rdu4a3/aPkQU9DkrLXuYT+bJqIyOcftfjhCP4=",
      "System.Collections.dll": "sha256-TzIw4Q6nKYB7oorNOPUw9ByMW8D1cj0Zf/RxGVcRM+w=",
      "System.Collections.Immutable.dll": "sha256-463aYNikG4aqXQU/gwY52mmeF0LLuURKmkn0Jgsrcsw=",
      "System.Collections.NonGeneric.dll": "sha256-E0kluGLOUGGntyooTGcJ2PBuhheP2uz6o+fjqsuoONs=",
      "System.Collections.Specialized.dll": "sha256-iN9LThxIC7U91xZzPaW8dPPaQkT+Dq/9CZ573Ml9Sek=",
      "System.ComponentModel.Annotations.dll": "sha256-SgRaLaTxcnl6lajE3sAu6MUuTUaNYBNUHOE7B00I88c=",
      "System.ComponentModel.dll": "sha256-s62tOgq1vPSY0Mm1P92xKrE9YV4m4qbBORXcaZ9op1M=",
      "System.ComponentModel.Primitives.dll": "sha256-G+yXrIRllQO8k59t2m4j/uNZcaP4ZvKnlDnxEHksK6M=",
      "System.ComponentModel.TypeConverter.dll": "sha256-U8NmMw9TZJDO9uItkG7CeB2bboyBk8UCu/i3qDb2s7Y=",
      "System.Console.dll": "sha256-mPDD9a1HW31C3YOvaJ0GNxtiwf198+H8js8OLAEoDSk=",
      "System.Diagnostics.Debug.dll": "sha256-L1eedddu89dZ9yAu5aPUzQ0LtPiz/9wm2cWyy3Pq8A4=",
      "System.Diagnostics.DiagnosticSource.dll": "sha256-cvbGsPMisaD3Yb3iDTPVQ/zsaH/Tk9Tnio+ZAOUUXUQ=",
      "System.dll": "sha256-BGZlk0xYKQBNgKNUxJeJhNJ9NsSV2Wqlxxz7QnWDbvY=",
      "System.IO.Compression.dll": "sha256-+Z7/yeYrzqMGvVYmDos9sUowJcMFjDn35ZFhiOxpv74=",
      "System.IO.Pipelines.dll": "sha256-CPWRlou1jlcDvjFO+Szz3QH3/IGXpZ7w8Is28Gypou4=",
      "System.Linq.dll": "sha256-n2BSNLjkbmwIRTs/DWYS1/QqUGrVIFvN66rgyltQ2+w=",
      "System.Linq.Expressions.dll": "sha256-zYpPVu+bKQMDUE79D6MsAZ0J4+QbDVP/nWEI0gMHeR4=",
      "System.Linq.Queryable.dll": "sha256-OV6s7GXCesP8JS95jP8LNQKO+UPK9acVOVbVeIFx+3o=",
      "System.Memory.dll": "sha256-sRqDzg3ig9TDD+NVbe988j64qk7vpJ/vH39KJWyyzGQ=",
      "System.Net.Http.dll": "sha256-De1UF754E2HtmNCpmsNfmkiBNo84Teyip8dNVuu4mho=",
      "System.Net.NameResolution.dll": "sha256-yJ9kCbRNB9tp3UJzb0Epf/lFgjoh3biJEN6id0Pxo/Q=",
      "System.Net.Primitives.dll": "sha256-py10YQM9zjxDNcntOq21TvQjh3IlqGaFPdJwLgfrKJw=",
      "System.Net.Sockets.dll": "sha256-qxC6/1e0FDgJVeBvHFhtwl3YCUMVKGcdG7rjJ5BV3bE=",
      "System.ObjectModel.dll": "sha256-ceYAi24Y0Z0etULI7dMoeTqB/ASr0Oqw4PWoy2u8nyk=",
      "System.Private.CoreLib.dll": "sha256-4VAdtHOtVe/ogD8Quo1BoX5Ies9euwWP12xqRYqAKzI=",
      "System.Private.Uri.dll": "sha256-sCaLBuH9XEPw8FUDdem1/yBmc6o3C8bQCh5/nHespDk=",
      "System.Resources.ResourceManager.dll": "sha256-RLNWXkT6tch/lbK7R8ITocjh2Ph8qDHzC4D/iIA9Cr0=",
      "System.Runtime.dll": "sha256-lliH1H/WMBL9AiTN2BSIFYek1usGcT5r4spHeptTUOU=",
      "System.Runtime.InteropServices.JavaScript.dll": "sha256-A8Z1edzb/Y+vGLb/Zfwx3ufQ852YvR4uyuwl3+Pz7b4=",
      "System.Security.Cryptography.Algorithms.dll": "sha256-/DJ6V7UeiNq1QsZrCUYYCm0Yz2Zf+RDvzDxbBuMNfu4=",
      "System.Security.Cryptography.dll": "sha256-91DDAZuUP8VhDmiHrmDXs76uITIlXR3xFao5ju5c6Rg=",
      "System.Security.Cryptography.Primitives.dll": "sha256-MQTjAlPJT40U1fi8di1N9IYkqCq6Zr/005xb0o4pATk=",
      "System.Text.Encodings.Web.dll": "sha256-6uvUVfZwaEU12wV64pQSej1J/at2l9/gzyowQ8PhW4U=",
      "System.Text.Json.dll": "sha256-nNiMAHuxvf2b6+O50LaqCggcErl2IIQCmMZEZmtyq0w=",
      "System.Text.RegularExpressions.dll": "sha256-iID8K5enaSihLlJGKZQRSJsL0K64LD6Ekc23VHaQmDc=",
      "System.Threading.dll": "sha256-sVrpev11eGO8kETp0HN4v6eE+XiEyuZ0ITLZkkO4Lf0=",
      "System.Threading.Tasks.dll": "sha256-qMQ/DurxtcCgM867V9+ISsNNo30miIQmwdB+LaoDfFY=",
      "System.Threading.Tasks.Extensions.dll": "sha256-ScH9KhpwAqjaxipUzjUM6GDFbywOVsKcZ7l/B0lbPpo=",
      "System.Threading.ThreadPool.dll": "sha256-FRwUPilgSXrfClyVRvi29PtoPjPylx1cd1SjlHrIkzQ=",
      "System.Transactions.Local.dll": "sha256-/ovJYe4wzIECMX1fps9P6qA3i9AKhTBVovOKRQ1kr8M=",
      "System.Web.HttpUtility.dll": "sha256-Z2c9VW3M8gpjW2fZJWBLBlYLs64FYvNxDGQs99w8CPA="
    },
    "satelliteResources": {
      "zh-CN": {
        "zh-CN/CloudDriveWasm.resources.dll": "sha256-sBuQPJ/ninBcxGnuId9sKuBEcQhBn93sHjqIz6CeX7Y="
      }
    },
    "runtimeAssets": {
      "dotnet.wasm": {
        "hash": "sha256-OGxk7jtpWsqGm1ExW4zusvMbpaiGNDOEBYX2Yac601c=",
        "behavior": "dotnetwasm"
      }
    }
  },
  "cacheBootResources": true,
  "debugBuild": false,
  "debugLevel": 0,
  "linkerEnabled": true,
  "config": [],
  "icuDataMode": 0,
  "extensions": {
    "blazor": {}
  }
}