{
  "mainAssemblyName": "CloudDriveWasm",
  "resources": {
    "hash": "sha256-2JR0BqwtEDIfH1V6AQtLaaWSAeIEj4Ok3+iV4amr17I=",
    "fingerprinting": {
      "BencodeNET.7ygmg806uy.wasm": "BencodeNET.wasm",
      "Blazored.LocalStorage.12n6dz54qr.wasm": "Blazored.LocalStorage.wasm",
      "Blazored.Modal.h7t7ava08f.wasm": "Blazored.Modal.wasm",
      "BlazorPagination.sjx7wqfsrp.wasm": "BlazorPagination.wasm",
      "CloudDriveWasm.8xwds2nfgs.wasm": "CloudDriveWasm.wasm",
      "Google.Protobuf.efyykym6wz.wasm": "Google.Protobuf.wasm",
      "Grpc.Core.Api.286sch2y3o.wasm": "Grpc.Core.Api.wasm",
      "Grpc.Net.Client.c00pbu3atx.wasm": "Grpc.Net.Client.wasm",
      "Grpc.Net.Client.Web.jqfs9tcypf.wasm": "Grpc.Net.Client.Web.wasm",
      "Grpc.Net.Common.xo39fzmxh1.wasm": "Grpc.Net.Common.wasm",
      "Microsoft.AspNetCore.Components.Forms.inhp4ncg0e.wasm": "Microsoft.AspNetCore.Components.Forms.wasm",
      "Microsoft.AspNetCore.Components.gm8yvwxowk.wasm": "Microsoft.AspNetCore.Components.wasm",
      "Microsoft.AspNetCore.Components.Web.9q5hkvoy9n.wasm": "Microsoft.AspNetCore.Components.Web.wasm",
      "Microsoft.AspNetCore.Components.WebAssembly.o5jfnsehl6.wasm": "Microsoft.AspNetCore.Components.WebAssembly.wasm",
      "Microsoft.Bcl.AsyncInterfaces.9wftx6xvg7.wasm": "Microsoft.Bcl.AsyncInterfaces.wasm",
      "Microsoft.Bcl.HashCode.8aiomg6cpd.wasm": "Microsoft.Bcl.HashCode.wasm",
      "Microsoft.EntityFrameworkCore.Abstractions.7ltu3r56rq.wasm": "Microsoft.EntityFrameworkCore.Abstractions.wasm",
      "Microsoft.EntityFrameworkCore.1ijsuup3kr.wasm": "Microsoft.EntityFrameworkCore.wasm",
      "Microsoft.Extensions.Caching.Abstractions.7fol39zr3o.wasm": "Microsoft.Extensions.Caching.Abstractions.wasm",
      "Microsoft.Extensions.Caching.Memory.it9rhn02ci.wasm": "Microsoft.Extensions.Caching.Memory.wasm",
      "Microsoft.Extensions.Configuration.Abstractions.f9jq6u05xu.wasm": "Microsoft.Extensions.Configuration.Abstractions.wasm",
      "Microsoft.Extensions.Configuration.Json.77nptesqpn.wasm": "Microsoft.Extensions.Configuration.Json.wasm",
      "Microsoft.Extensions.Configuration.ell6o7ap7i.wasm": "Microsoft.Extensions.Configuration.wasm",
      "Microsoft.Extensions.DependencyInjection.Abstractions.ahp6vxk7u1.wasm": "Microsoft.Extensions.DependencyInjection.Abstractions.wasm",
      "Microsoft.Extensions.DependencyInjection.0pxuo7huvu.wasm": "Microsoft.Extensions.DependencyInjection.wasm",
      "Microsoft.Extensions.Localization.Abstractions.kl38hy4t8a.wasm": "Microsoft.Extensions.Localization.Abstractions.wasm",
      "Microsoft.Extensions.Localization.2y8sbx0rdg.wasm": "Microsoft.Extensions.Localization.wasm",
      "Microsoft.Extensions.Logging.Abstractions.0k90i2v5tc.wasm": "Microsoft.Extensions.Logging.Abstractions.wasm",
      "Microsoft.Extensions.Logging.rduh94cc1a.wasm": "Microsoft.Extensions.Logging.wasm",
      "Microsoft.Extensions.Options.nbtz5iwb4h.wasm": "Microsoft.Extensions.Options.wasm",
      "Microsoft.Extensions.Primitives.8omryeirak.wasm": "Microsoft.Extensions.Primitives.wasm",
      "Microsoft.JSInterop.kbqp1w1ib5.wasm": "Microsoft.JSInterop.wasm",
      "Microsoft.JSInterop.WebAssembly.heoad7mujs.wasm": "Microsoft.JSInterop.WebAssembly.wasm",
      "netstandard.tzkq75vchx.wasm": "netstandard.wasm",
      "System.Collections.Concurrent.h06ah95xxb.wasm": "System.Collections.Concurrent.wasm",
      "System.Collections.Immutable.seqoa875ai.wasm": "System.Collections.Immutable.wasm",
      "System.Collections.NonGeneric.whuhpq856d.wasm": "System.Collections.NonGeneric.wasm",
      "System.Collections.Specialized.4euktp2xno.wasm": "System.Collections.Specialized.wasm",
      "System.Collections.rx6h9m8onc.wasm": "System.Collections.wasm",
      "System.ComponentModel.Annotations.z3mcjev695.wasm": "System.ComponentModel.Annotations.wasm",
      "System.ComponentModel.Primitives.spoxfqaaph.wasm": "System.ComponentModel.Primitives.wasm",
      "System.ComponentModel.TypeConverter.n22e8q9qij.wasm": "System.ComponentModel.TypeConverter.wasm",
      "System.ComponentModel.xhkm7nd2fe.wasm": "System.ComponentModel.wasm",
      "System.Console.ccsmeotkb6.wasm": "System.Console.wasm",
      "System.Diagnostics.Debug.3sugaod4ex.wasm": "System.Diagnostics.Debug.wasm",
      "System.Diagnostics.DiagnosticSource.miismex27y.wasm": "System.Diagnostics.DiagnosticSource.wasm",
      "System.IO.Compression.26i20pztht.wasm": "System.IO.Compression.wasm",
      "System.IO.Pipelines.bzl37qxcr4.wasm": "System.IO.Pipelines.wasm",
      "System.Linq.Expressions.pra985o2xc.wasm": "System.Linq.Expressions.wasm",
      "System.Linq.Queryable.3kaainw2wr.wasm": "System.Linq.Queryable.wasm",
      "System.Linq.3ccwrf5s47.wasm": "System.Linq.wasm",
      "System.Memory.aolz7ovg9k.wasm": "System.Memory.wasm",
      "System.Net.Http.y3bmdspy6k.wasm": "System.Net.Http.wasm",
      "System.Net.NameResolution.hfdtz50ado.wasm": "System.Net.NameResolution.wasm",
      "System.Net.Primitives.xtla0ux85y.wasm": "System.Net.Primitives.wasm",
      "System.Net.Sockets.wzphzco138.wasm": "System.Net.Sockets.wasm",
      "System.ObjectModel.49jlrke3e8.wasm": "System.ObjectModel.wasm",
      "System.Private.CoreLib.4jpft5buxf.wasm": "System.Private.CoreLib.wasm",
      "System.Private.Uri.aed3d9pfbb.wasm": "System.Private.Uri.wasm",
      "System.Resources.ResourceManager.zvvod5alcn.wasm": "System.Resources.ResourceManager.wasm",
      "System.Runtime.InteropServices.JavaScript.3uvku0ibnu.wasm": "System.Runtime.InteropServices.JavaScript.wasm",
      "System.Runtime.Serialization.Primitives.h4a7pnkft5.wasm": "System.Runtime.Serialization.Primitives.wasm",
      "System.Runtime.tlw2r24nab.wasm": "System.Runtime.wasm",
      "System.Security.Cryptography.Algorithms.aehe0bsnqv.wasm": "System.Security.Cryptography.Algorithms.wasm",
      "System.Security.Cryptography.Primitives.fx2s36zasi.wasm": "System.Security.Cryptography.Primitives.wasm",
      "System.Security.Cryptography.0ohzp11ju6.wasm": "System.Security.Cryptography.wasm",
      "System.Text.Encodings.Web.3fsw0egfwc.wasm": "System.Text.Encodings.Web.wasm",
      "System.Text.Json.oq97kkm23x.wasm": "System.Text.Json.wasm",
      "System.Text.RegularExpressions.vn69mob6kd.wasm": "System.Text.RegularExpressions.wasm",
      "System.Threading.Tasks.Extensions.58tlf523ej.wasm": "System.Threading.Tasks.Extensions.wasm",
      "System.Threading.Tasks.uqafk0gcmz.wasm": "System.Threading.Tasks.wasm",
      "System.Threading.ThreadPool.xe0dtaygw2.wasm": "System.Threading.ThreadPool.wasm",
      "System.Threading.7jpwrxf986.wasm": "System.Threading.wasm",
      "System.Transactions.Local.4ephd1yiyb.wasm": "System.Transactions.Local.wasm",
      "System.6bp5k9v1ih.wasm": "System.wasm",
      "System.Web.HttpUtility.072zm64hke.wasm": "System.Web.HttpUtility.wasm",
      "TinyPinyin.njtadbwv8w.wasm": "TinyPinyin.wasm",
      "dotnet.native.cwzaxrq4t1.js": "dotnet.native.js",
      "dotnet.native.efm4vkdjxy.wasm": "dotnet.native.wasm",
      "dotnet.js": "dotnet.js",
      "dotnet.runtime.o8gq1i8bk6.js": "dotnet.runtime.js",
      "icudt_CJK.tjcz0u77k5.dat": "icudt_CJK.dat",
      "icudt_EFIGS.tptq2av103.dat": "icudt_EFIGS.dat",
      "icudt_no_CJK.lfu7j35m59.dat": "icudt_no_CJK.dat",
      "CloudDriveWasm.resources.n6r2ni4a0j.wasm": "CloudDriveWasm.resources.wasm"
    },
    "jsModuleNative": {
      "dotnet.native.cwzaxrq4t1.js": "sha256-PIEGJX6IGP5ileFqkAO8BtW3cLBnpvsmuytsDwKuNKc="
    },
    "jsModuleRuntime": {
      "dotnet.runtime.o8gq1i8bk6.js": "sha256-uD1t4tsPtmIHsx30SC4OztehGGaHVDksFD38rL2e3P4="
    },
    "wasmNative": {
      "dotnet.native.efm4vkdjxy.wasm": "sha256-dtaxxhueQOi/hJo5duw2irTqm3hkOoUYyznDAcbZzJM="
    },
    "icu": {
      "icudt_CJK.tjcz0u77k5.dat": "sha256-SZLtQnRc0JkwqHab0VUVP7T3uBPSeYzxzDnpxPpUnHk=",
      "icudt_EFIGS.tptq2av103.dat": "sha256-8fItetYY8kQ0ww6oxwTLiT3oXlBwHKumbeP2pRF4yTc=",
      "icudt_no_CJK.lfu7j35m59.dat": "sha256-L7sV7NEYP37/Qr2FPCePo5cJqRgTXRwGHuwF5Q+0Nfs="
    },
    "coreAssembly": {
      "System.Private.CoreLib.4jpft5buxf.wasm": "sha256-ADAaoV3yhpmjmDQeaQ/XJx2Sof7DAOcFyIyk3nVPhyI=",
      "System.Runtime.InteropServices.JavaScript.3uvku0ibnu.wasm": "sha256-K5wa4QwWB8A0OrHM4yWK86Nl6ItEv9c3ctAASLMYLKo="
    },
    "assembly": {
      "BencodeNET.7ygmg806uy.wasm": "sha256-sVDV8TMr7uuN09gMVgL0EI6sD0lskZoV5RH1ahbUQXU=",
      "Blazored.LocalStorage.12n6dz54qr.wasm": "sha256-OaMAAd5n7ORfyur5e3QIyEVKJ76MKIvwbg7/icnnYcU=",
      "Blazored.Modal.h7t7ava08f.wasm": "sha256-Y6pVrSnmzq2FCEnAkNngv+mtNlIljEmH3BEmGpr5jEQ=",
      "BlazorPagination.sjx7wqfsrp.wasm": "sha256-aKKBPt8newvFfXv9fzwxZgFqLOilz9B1W+naCRHpJG8=",
      "CloudDriveWasm.8xwds2nfgs.wasm": "sha256-7PtcgpmOxPEKjnwUUQdZBbUeQK1tnAqidzr9X8RttWs=",
      "Google.Protobuf.efyykym6wz.wasm": "sha256-NuHv0jw4egSjzLl9L/JS8i+usjKijXs7Cbcd5elsTX8=",
      "Grpc.Core.Api.286sch2y3o.wasm": "sha256-gh6CStdvr19cDOnZhYQEipbmZSCIw2yl9PwCTSeP93I=",
      "Grpc.Net.Client.c00pbu3atx.wasm": "sha256-tGCYguWoyX7n9eKwDt55DcIg87axbpDzrVXLU2svdDo=",
      "Grpc.Net.Client.Web.jqfs9tcypf.wasm": "sha256-q7uNyBSrW+kLaywUrZ/BRp4p/INMkLUwlCjKt03etn4=",
      "Grpc.Net.Common.xo39fzmxh1.wasm": "sha256-DwqeCYPaqpPoLJKIY4wyYchFd60YLiLPQ5k1qKerw/0=",
      "Microsoft.AspNetCore.Components.Forms.inhp4ncg0e.wasm": "sha256-niXuybGrHoERGANlDsIKFVquZzxtSoHcJgyvCFO8kaA=",
      "Microsoft.AspNetCore.Components.gm8yvwxowk.wasm": "sha256-KG+uvT+rTrpUO/EboQW3vNekcIgPrtx9iI9v5BucG4I=",
      "Microsoft.AspNetCore.Components.Web.9q5hkvoy9n.wasm": "sha256-QafpNxblChxkfHveUKltpkKf4XENY1qOTVR20nya3jI=",
      "Microsoft.AspNetCore.Components.WebAssembly.o5jfnsehl6.wasm": "sha256-vJXkQqS6tY0LzHBYpXouqBz/vAPyRaGIkdEXbpthtMI=",
      "Microsoft.Bcl.AsyncInterfaces.9wftx6xvg7.wasm": "sha256-uV6JPE8pFJZ3vgxDKUeimvMSk+wGuYyOKWg5xKqP7Qo=",
      "Microsoft.Bcl.HashCode.8aiomg6cpd.wasm": "sha256-cBeu2DFe+O6ZtH6l/qhTr9n2fc2flicfQtGa0kA1UQw=",
      "Microsoft.EntityFrameworkCore.Abstractions.7ltu3r56rq.wasm": "sha256-S/D1xFlojhkNTUwi8OprihMyWmboG8X1mCh2d48QT60=",
      "Microsoft.EntityFrameworkCore.1ijsuup3kr.wasm": "sha256-ubcnCSIDAicpAeB+2smphBmcPuMeQ0VTGoc5AqyS5WU=",
      "Microsoft.Extensions.Caching.Abstractions.7fol39zr3o.wasm": "sha256-4wXvbgFkC3YVY7bc452wexdNETDO2oWLHHiA+uWaNJs=",
      "Microsoft.Extensions.Caching.Memory.it9rhn02ci.wasm": "sha256-dlfc0lxjlnsCEY7w8NJ3BJOYCyf+zuOqOC60DHgBpRQ=",
      "Microsoft.Extensions.Configuration.Abstractions.f9jq6u05xu.wasm": "sha256-AyL87FvJMf14Dcn8HeQ3n2veg/RQGVGCjfpJPt1RQC4=",
      "Microsoft.Extensions.Configuration.Json.77nptesqpn.wasm": "sha256-TUkUL2Leb3zmGe8ZZUHAzyb8vZoEzua1H8f8stc7xRw=",
      "Microsoft.Extensions.Configuration.ell6o7ap7i.wasm": "sha256-0iZA+rfvr3lLmK5V18g0LZCU41c3mbTL9jNYRoavdB0=",
      "Microsoft.Extensions.DependencyInjection.Abstractions.ahp6vxk7u1.wasm": "sha256-gpYOJIx+LISzww1cfDfTnKJ8MovuiYw4SIbhiX9YBHE=",
      "Microsoft.Extensions.DependencyInjection.0pxuo7huvu.wasm": "sha256-7NWFqO/5kCSYGN2ShL7vSO7lKC177wArViLbZWn4Vew=",
      "Microsoft.Extensions.Localization.Abstractions.kl38hy4t8a.wasm": "sha256-yEIDkhL+VaLiWwq6NdnZhz5Izjo4W/Av1fQnfSLBn0Q=",
      "Microsoft.Extensions.Localization.2y8sbx0rdg.wasm": "sha256-Sut6zwJxe8UqofuAS1eDF9eZFoR5mjFDInY5N91R+Z4=",
      "Microsoft.Extensions.Logging.Abstractions.0k90i2v5tc.wasm": "sha256-YPopW1V06NF3xjBt0vVJNO400j+fHn08I3ysqVx42lc=",
      "Microsoft.Extensions.Logging.rduh94cc1a.wasm": "sha256-D622ChTZjPlNcmkutxA8/rTBJkdaURfpO86jTmfquK8=",
      "Microsoft.Extensions.Options.nbtz5iwb4h.wasm": "sha256-zRPgvUtRauLs9LddjREkF3heeNb3yaqirhsXBi0kGQ8=",
      "Microsoft.Extensions.Primitives.8omryeirak.wasm": "sha256-iOXJ6xMILdIdSWDD2fNHtnrXI0YtuWx4chp/bwgCVgc=",
      "Microsoft.JSInterop.kbqp1w1ib5.wasm": "sha256-gP2A0yziyh3RlYulPXsPURC8+lpchhmaOhZCX+CobYc=",
      "Microsoft.JSInterop.WebAssembly.heoad7mujs.wasm": "sha256-99wG3VH14sWkwPaF5rX6YAcJvtAhDuqonwihvj2m5HA=",
      "netstandard.tzkq75vchx.wasm": "sha256-yXdOwWUyEgZGV3JQ563yebtw2mj+NeR0lzOzSyyNNYo=",
      "System.Collections.Concurrent.h06ah95xxb.wasm": "sha256-8UG5/+18uD9/226rIOZ2HBee4UbbEKWT5pKFZwdDXrY=",
      "System.Collections.Immutable.seqoa875ai.wasm": "sha256-tLVZA8ulcIRqcLz/PGgZG22ZQ7zkxa0KOKOsZKKAqMw=",
      "System.Collections.NonGeneric.whuhpq856d.wasm": "sha256-pNWrDePWfKodlJjxBCpA0AeYDZNBM9z6ukop8vIGGgI=",
      "System.Collections.Specialized.4euktp2xno.wasm": "sha256-3HcbPp4aspYeV44W3b6xntp9anBbXabU4gGb0BWvPuk=",
      "System.Collections.rx6h9m8onc.wasm": "sha256-oYGNXMmy1CG981r5UA/nahTZwtlMomNm/5BA6h3kDao=",
      "System.ComponentModel.Annotations.z3mcjev695.wasm": "sha256-71V6YGZ3oo8vS6Vu3xHOPH60TA0UkIkb2883VB/4wAY=",
      "System.ComponentModel.Primitives.spoxfqaaph.wasm": "sha256-YDJPZjrQJmVAx0D7EP6AV8z8MtpGd00+391AH3DlOgQ=",
      "System.ComponentModel.TypeConverter.n22e8q9qij.wasm": "sha256-AT68HUScOneJCOvjbaX/ohdHEhiUnZnmuPEAbCydoLA=",
      "System.ComponentModel.xhkm7nd2fe.wasm": "sha256-RYR/h0Ie5rYHB+ej3Knxr+cFNDRJ6It4r6HxoCWHpB4=",
      "System.Console.ccsmeotkb6.wasm": "sha256-BMkkPhn5dF6xpSGMh/2TZWdrMEbLm+ZLDivcvQcjilc=",
      "System.Diagnostics.Debug.3sugaod4ex.wasm": "sha256-LYaFhckb717Af46XmNhOi2vRt8+IHyucHl3J7YRVLG8=",
      "System.Diagnostics.DiagnosticSource.miismex27y.wasm": "sha256-QlVG+5QAxs23PGvHKqnpahrHAOdBfc2fDF/l2sF5ajg=",
      "System.IO.Compression.26i20pztht.wasm": "sha256-hsOCROpMOhCQtpeAxsYOynNJQqzrWci8WwKRwjH7TFQ=",
      "System.IO.Pipelines.bzl37qxcr4.wasm": "sha256-+U6ed0VRrDH4hVW5vCIqW821hfgQZg3FHulO9wsqd3s=",
      "System.Linq.Expressions.pra985o2xc.wasm": "sha256-OyVAMgbpN0/dl+uXnTVR7ie+neI3fhUVkqabDrq851I=",
      "System.Linq.Queryable.3kaainw2wr.wasm": "sha256-8+EDGZut0cde3lpuynrxial9skMpzbFPvXVXJqFL6MM=",
      "System.Linq.3ccwrf5s47.wasm": "sha256-c+20tL5bIZpWZzMYp+VbKJmexOE3ViGChp9yQxz8d5I=",
      "System.Memory.aolz7ovg9k.wasm": "sha256-eg/sGPV45ntHdBsUNfMIt9Kw/CgQqHr8ezoqTANB+Zw=",
      "System.Net.Http.y3bmdspy6k.wasm": "sha256-vg6KzWadJRIcjrfd5IUtjV/GLghz0s50jBryksb1uWg=",
      "System.Net.NameResolution.hfdtz50ado.wasm": "sha256-PaAGrh8ZPzF+KNf8IdHnox3gST50g2/fyiuLzTZ1Rpc=",
      "System.Net.Primitives.xtla0ux85y.wasm": "sha256-BdXGTyika3dTxpmWD+bIx9WccwJxBvcIowxh6GpKC+s=",
      "System.Net.Sockets.wzphzco138.wasm": "sha256-3BBoRngqh7JrI6ouGXaHX9IZ40ppah7LAe1k1qPns6E=",
      "System.ObjectModel.49jlrke3e8.wasm": "sha256-uL+j4U9U0YJNJVelGw2cfnzkcCl7Gqno6omU6qTZhXs=",
      "System.Private.Uri.aed3d9pfbb.wasm": "sha256-kqf0zAvTMZBJ1JL+J0BpxfRabbtvLr1ainsfNoMDQy4=",
      "System.Resources.ResourceManager.zvvod5alcn.wasm": "sha256-kQeiherPWFLYoLL7wlF7g02GHXYhjcTQCOnsFm9lsAg=",
      "System.Runtime.Serialization.Primitives.h4a7pnkft5.wasm": "sha256-AaR+9vhZodMQ+BvtO7cx3/+RHDXvr5BNiR6QLrCCMkQ=",
      "System.Runtime.tlw2r24nab.wasm": "sha256-b6taMhS+6dON8c8COmgs51dIPEcG+kQOagoyJTPe7Dc=",
      "System.Security.Cryptography.Algorithms.aehe0bsnqv.wasm": "sha256-ktuCiAyzB+41Sc4TIYCEbkP0XAgvkqb4FVGKM8+NsNE=",
      "System.Security.Cryptography.Primitives.fx2s36zasi.wasm": "sha256-LZdNCRWOruD0/Ze9ae2UZ1Ag155kXCF5YMUUDpHyfdw=",
      "System.Security.Cryptography.0ohzp11ju6.wasm": "sha256-MHGoVIG5A7sTZLG+m14F+txCGnXG259KX1PXL/o7fBA=",
      "System.Text.Encodings.Web.3fsw0egfwc.wasm": "sha256-3w9jcvf72CdfcHber8bV+MG+QG9Eov1eSxYBJ65smAE=",
      "System.Text.Json.oq97kkm23x.wasm": "sha256-EHGZrtPFwt9pEgdQnBdZl/DQgnIeDKi2lPO6cmpsUq0=",
      "System.Text.RegularExpressions.vn69mob6kd.wasm": "sha256-++8MfqUlLJhGA0rBk/QkOWNQSIadHzXQpTmT+TFBIWg=",
      "System.Threading.Tasks.Extensions.58tlf523ej.wasm": "sha256-y/UngfKN657vm8tpKenwRBkfVZkeBQ9QRutvGMHmw/s=",
      "System.Threading.Tasks.uqafk0gcmz.wasm": "sha256-2ofmutkLXEHm9qMKorjln5MUPMpDZq1YMvSVXMz/uaQ=",
      "System.Threading.ThreadPool.xe0dtaygw2.wasm": "sha256-WQgHbH3lHsg7A1FtDyS+YKQMmk4TFXSIF4irxDWGCak=",
      "System.Threading.7jpwrxf986.wasm": "sha256-Q5hcL380uR0qQ0rDOv7V67AtNx6lxEHEoI3P18sjf9c=",
      "System.Transactions.Local.4ephd1yiyb.wasm": "sha256-zAtTofIGuvEiQJaax8FHcU0wE3MYHWf+BM1kJst/aYM=",
      "System.6bp5k9v1ih.wasm": "sha256-nmhUPBjB8ZbEN0U5j2acgnW4fkbSYlov7U3e30Lsp8A=",
      "System.Web.HttpUtility.072zm64hke.wasm": "sha256-JNwY9ymWcfzQOoEPDizXA2d7Uik3Ehq57OVHW6mg4ww=",
      "TinyPinyin.njtadbwv8w.wasm": "sha256-7VJiUpNqpeeWmMVR9IyKHUvD+DKvJcIMQ3z07xVt86g="
    },
    "satelliteResources": {
      "zh-CN": {
        "CloudDriveWasm.resources.n6r2ni4a0j.wasm": "sha256-4Ur6BOwPhR7cAlkV14P5vubW6v/S6+WInylXqQ939i8="
      }
    }
  },
  "cacheBootResources": true,
  "debugLevel": 0,
  "linkerEnabled": true,
  "globalizationMode": "sharded",
  "extensions": {
    "blazor": {}
  }
}