{
  "entryAssembly": "CloudDriveWasm",
  "resources": {
    "hash": "sha256-Ltxy2UK+ZVjMfMM9Ei5IhcwaEAHTxbYlvvCIOxqSm8g=",
    "runtime": {
      "dotnet.7.0.20.j0ioli2e4j.js": "sha256-eaJTmow4t8eE7FZMZR5Ja41JMOefGCbIYDTdpclGsac=",
      "dotnet.timezones.blat": "sha256-gbATD5HDsHYtW8vdPYh9iSBY4O5CjvMeCSF5xXWF1xo=",
      "dotnet.wasm": "sha256-2P6rVlE+GN7v/KBZsI/zwouhfpV38+1lEl5FMslgb4A=",
      "icudt_CJK.dat": "sha256-SZLtQnRc0JkwqHab0VUVP7T3uBPSeYzxzDnpxPpUnHk=",
      "icudt_EFIGS.dat": "sha256-8fItetYY8kQ0ww6oxwTLiT3oXlBwHKumbeP2pRF4yTc=",
      "icudt_no_CJK.dat": "sha256-L7sV7NEYP37/Qr2FPCePo5cJqRgTXRwGHuwF5Q+0Nfs="
    },
    "assembly": {
      "BencodeNET.dll": "sha256-FjVFcMgw2wf7JcC61eCTlB8n85oE+MCx1x6arxKffvY=",
      "Blazored.LocalStorage.dll": "sha256-xcO4wZtFwM5I9DIZf1sZpOdcsaTjw1HyqJ5AWciMDAk=",
      "Blazored.Modal.dll": "sha256-OkL/zDQTP6kkz+pR8Lki2Pljk2hwf99nXDSmE1Id0cY=",
      "BlazorPagination.dll": "sha256-dMHq7CrMWeHn5R1pN72TRE/5YJfstWId26CDK9F0fKc=",
      "CloudDriveWasm.dll": "sha256-siTalxKHIY8yHWPjEfJq8gMP/FlPLgOOxGE9BQ/U4UY=",
      "Google.Protobuf.dll": "sha256-qN11AvugO0dsO/hYhZWKtaHbfV8ZkkIuyKDNgPi2UFQ=",
      "Grpc.Core.Api.dll": "sha256-K56LAj3q8XGkNiFwW4kDg6dLKvTINdrzMr8zvO6LPvI=",
      "Grpc.Net.Client.dll": "sha256-cwLmTl5YUMW6fdU8fAzcZuMJxDuOv3iVynNCJ69dxQ0=",
      "Grpc.Net.Client.Web.dll": "sha256-PsvnUbH8I9H/8LzgRu4yA5NzMzh5yH4FpJHor2srgdQ=",
      "Grpc.Net.Common.dll": "sha256-diMl+uVCvtt+lCnkdmR/qKIyYGf0txG5BLHqQEkIb80=",
      "Microsoft.AspNetCore.Components.dll": "sha256-jzK4PV8v5uv+PTRB9UdHUwg3s2SzYyOM3nb0N6Jwu7w=",
      "Microsoft.AspNetCore.Components.Forms.dll": "sha256-JcV21j0oJT9KUjV5SltucJjbluy1t1F6wnir1WQ46Nk=",
      "Microsoft.AspNetCore.Components.Web.dll": "sha256-DI69/XUzRWZ+/XzPJ1eDWxXOqWRT6h+Y9YVJ5GYU278=",
      "Microsoft.AspNetCore.Components.WebAssembly.dll": "sha256-MscPLRjrlsa51g/pBjB3VEMvSNM3ANgJCJll7JYC5+8=",
      "Microsoft.Bcl.AsyncInterfaces.dll": "sha256-EcDo/GQZkQrOT1Xd0jMPE3NwT5lsMq5DNsPxHVidLDQ=",
      "Microsoft.Bcl.HashCode.dll": "sha256-y5+O+HE1PNgSn0TwPo3hH4YjhuwltS3gYIkrSTD2QOs=",
      "Microsoft.EntityFrameworkCore.Abstractions.dll": "sha256-jwuU8F7rNVOmV+vsvTYo3KNLtZkkSHB9wtU8kiR5Pqc=",
      "Microsoft.EntityFrameworkCore.dll": "sha256-jn/W0gQUemSfH2Jjn1HqrwruNu1qxVd6nZ9M6nSGvBs=",
      "Microsoft.Extensions.Caching.Abstractions.dll": "sha256-MAKm1/l29LzNn+uTDX/syx4a2rUfhiDIqjtZDkNKUjs=",
      "Microsoft.Extensions.Caching.Memory.dll": "sha256-HYFgNAjDjPbemdbcK+C34iuaskOuHBwiGN0QzTsiFLc=",
      "Microsoft.Extensions.Configuration.Abstractions.dll": "sha256-X/f4fDl2cuIRXeWHhK/f2UqQbFioD+RU4a4CEh0zrrQ=",
      "Microsoft.Extensions.Configuration.dll": "sha256-9PTAXNUj49C5pebEVtTsoRpdXR2henU28twwbTuo3DE=",
      "Microsoft.Extensions.Configuration.Json.dll": "sha256-Q5AqJneA2TZnzC0IYzBx6j/tHRhWAeMbpH3BsV7KgWg=",
      "Microsoft.Extensions.DependencyInjection.Abstractions.dll": "sha256-oqnKiIDoF7nZTn7r2ROFcU2LDzVHhwSrjInHka9KPdA=",
      "Microsoft.Extensions.DependencyInjection.dll": "sha256-vfrYKEAFFCox24A0WSVpyXSmb37165rnBqpkyUF/QwA=",
      "Microsoft.Extensions.Localization.Abstractions.dll": "sha256-cleFSk6AGqNw1W0GgEl9llOz/uWpCT3SCLBUZC2fKCA=",
      "Microsoft.Extensions.Localization.dll": "sha256-qc/LSJ6pJmKeas7hgPFBpERsOdzTSQmBAH8y6y2NS/s=",
      "Microsoft.Extensions.Logging.Abstractions.dll": "sha256-XziYyWU765MMEbzjWk3br4shQynO1GyLBHH65ejG+8M=",
      "Microsoft.Extensions.Logging.dll": "sha256-Ph4JcBVRl6blMiw7aGCuJ6OrNtzL9k/obvxIVmqeWNQ=",
      "Microsoft.Extensions.Options.dll": "sha256-wre+hKKXkMGMevyOJFZjGvHYCrTSOFu4So3qzesaeIA=",
      "Microsoft.Extensions.Primitives.dll": "sha256-sPdkv1wd7P3O4JLiHZIrkTi2eeGHGBkIkMvVy8fOjvM=",
      "Microsoft.JSInterop.dll": "sha256-MmWOhKrnh78wXdZHn1FEEaHEZBKaq2ETt2C6lQziCoE=",
      "Microsoft.JSInterop.WebAssembly.dll": "sha256-CINf7y9/MQd41Xogmydycm4rVt+rOdgZAymO8ktk4UE=",
      "netstandard.dll": "sha256-80T7sN+vUb8nWkedpxcbT/OvTTclrFGLZtvplR5+yOo=",
      "System.Collections.Concurrent.dll": "sha256-t4iuHKJ2GI8L6e5TiupA4DVWqhifc+yd67p8CmgzaA8=",
      "System.Collections.dll": "sha256-18/Vk4EDmLOPpSjJ9OrY/3SmvFnkNWyHvWn8t/xKVH4=",
      "System.Collections.Immutable.dll": "sha256-ZuNhUDWbAWDE7/upJTHpibIPzntdl3V5YyNOJNx8jcw=",
      "System.Collections.NonGeneric.dll": "sha256-NYDm1ibhh9tfRHLL9Kh4pXGg+8KIUtnoq8nWvOrQQUo=",
      "System.Collections.Specialized.dll": "sha256-08AD793GFWD17CL7xLeETHaLDK/OXGTC9aATT7v8AIU=",
      "System.ComponentModel.Annotations.dll": "sha256-IBCWJhUHCxiTqHx1VKY5cuJpu3BIH84CkngOn8CzgnE=",
      "System.ComponentModel.dll": "sha256-7vcDBo/3bcYI/CjzxGeFgD2a7r2TJ0a+atwSTcxZv/E=",
      "System.ComponentModel.Primitives.dll": "sha256-1i3oLwxLIWsQ/RrC5i57rxtv4//7ol4MmT2oipJhUtk=",
      "System.ComponentModel.TypeConverter.dll": "sha256-lsnFSqESvx2QsNrRekUAh/CmRe+tEUK4F6PW4qjemCQ=",
      "System.Console.dll": "sha256-hcZG/Q8Yf7d/OPGFEhAW/J6kgf1zHaAm4etksboUo1Q=",
      "System.Diagnostics.Debug.dll": "sha256-5kfrNQTxeoKPjFE1AkCLQHv+Xs9kE7cbvs69+KQHlz0=",
      "System.Diagnostics.DiagnosticSource.dll": "sha256-Cf4PNwOHt+QLxXEMmPBTrBih/KFp/C8xP4FJvxv/X5Q=",
      "System.dll": "sha256-LfkaaAcFv7atiyjqRh9bcYSpLFkeAGhipjz5+flLf4A=",
      "System.IO.Compression.dll": "sha256-vAWQlrjNZQSfaId+a08Uyw/F3S+Zp2XxL0ImJbZQ97Y=",
      "System.IO.Pipelines.dll": "sha256-CPWRlou1jlcDvjFO+Szz3QH3/IGXpZ7w8Is28Gypou4=",
      "System.Linq.dll": "sha256-vPyziej//dLBNr3g6qGojGnZ603PK/oLTK2qHo1FPts=",
      "System.Linq.Expressions.dll": "sha256-Mx6A8ezMJwmlpN6hZ50dqUs5bCk55qInQbqCo4NcRDo=",
      "System.Linq.Queryable.dll": "sha256-LcNMksybKm+YaHAJRubbJshJz5cZNEk/Drtecgz5Vzo=",
      "System.Memory.dll": "sha256-iWwAyp0NZK+FYxSthf+T/bdtu0vu1KYkIPp0VWAQyaU=",
      "System.Net.Http.dll": "sha256-inU+jtgZFU1auXehxsTk+WazCvMvuEB55adYxhqCFwY=",
      "System.Net.NameResolution.dll": "sha256-tYefKZjyT+YjRTC0mEzRpCyLuYPc8jxB2KibDyEvKAE=",
      "System.Net.Primitives.dll": "sha256-TajrgJwXgtIXtGpabOsHzpSPRXTKNKDebIVGbXAdV/U=",
      "System.Net.Sockets.dll": "sha256-tjcWc0iLL7g8pVNzD24/UbaEm5T+Ha+Txu5GB9Gxwn8=",
      "System.ObjectModel.dll": "sha256-W1dmEHpbCwV+zwfG6+B6V1WUp6NINzlpaN5qdDc+suw=",
      "System.Private.CoreLib.dll": "sha256-1m4ZySsbJuRKu0B8ltm/mcD2AiDd5F7BHrYzLWB429o=",
      "System.Private.Uri.dll": "sha256-h0h3R4kfT9JpfDHQcyA8R+hrgvmGCzt7TWzPugisgDg=",
      "System.Resources.ResourceManager.dll": "sha256-G6SzDK/wwInqRGk0sye8ulSpHkxHYtil5L8g/eu7odc=",
      "System.Runtime.dll": "sha256-723hu1FeqXOaL8dtFd/pz+unX/Usr8uCyQO3cgRS8k8=",
      "System.Runtime.InteropServices.JavaScript.dll": "sha256-z5gMwKvxe0+Hh9+0chO4LpPxPIKQe95aYwJuTGbX6pE=",
      "System.Security.Cryptography.Algorithms.dll": "sha256-86v0YTAEae6BujmDIvBUUWcl2bkIDOcU5+9c0ZkvrPc=",
      "System.Security.Cryptography.dll": "sha256-lMSf/hUCmGq7fYshXAmYorH67VsYLTkKThsaLKEXoUA=",
      "System.Security.Cryptography.Primitives.dll": "sha256-I8bxui3yzku0cAjkrkgje1Ln3RqRvoGj5vMunWS0II8=",
      "System.Text.Encodings.Web.dll": "sha256-nZ82bS6xipJXHHVhw8M7MJ5r5wOIB7X4+DpK6AMEOH4=",
      "System.Text.Json.dll": "sha256-bALdmZjNgbDGdojRixhMxzG7xJzCklxXYI++FB9gx78=",
      "System.Text.RegularExpressions.dll": "sha256-UiT5fUEC+c+SAwM+JFs6qPsqBT0zsGAya7pKJl9wia0=",
      "System.Threading.dll": "sha256-5NpvRhCvr29sICJ3Mwzit8oier9TLVt3YNUNy5bCaCo=",
      "System.Threading.Tasks.dll": "sha256-WtjvCux812rcxwMVsKmuabBw5co7z9sfHSfhFIIsgxY=",
      "System.Threading.Tasks.Extensions.dll": "sha256-OuYPL3nBnvsyvfY+PYTDsdrKoYfYMkpRbXDiKDOHWy4=",
      "System.Threading.ThreadPool.dll": "sha256-3NEpE3D/LidoR5ug2/+J0ZWc7wb2TMsoJ9YqikfhEhU=",
      "System.Transactions.Local.dll": "sha256-IEk/yhPAcc1ha2LVAs0e7F0TvSKeQaEDRkIsDn+naNM=",
      "System.Web.HttpUtility.dll": "sha256-i7ZIIPyebc4Tmm7MDSg21xGVnWt4lyhIM9SyVs2iBp4=",
      "TinyPinyin.dll": "sha256-Pn89ZeelB2yoI9zklrwYKmWO5yqssjAS6MGGqOWqLt4="
    },
    "satelliteResources": {
      "zh-CN": {
        "zh-CN/CloudDriveWasm.resources.dll": "sha256-z292z1bl1sgC4NCEBD5EjBKtHh+p1Nwdj3RAQxKiBjQ="
      }
    },
    "runtimeAssets": {
      "dotnet.wasm": {
        "hash": "sha256-2P6rVlE+GN7v/KBZsI/zwouhfpV38+1lEl5FMslgb4A=",
        "behavior": "dotnetwasm"
      }
    }
  },
  "cacheBootResources": true,
  "debugBuild": false,
  "debugLevel": 0,
  "linkerEnabled": true,
  "config": [],
  "icuDataMode": 0,
  "extensions": {
    "blazor": {}
  }
}