{
  "entryAssembly": "CloudDriveWasm",
  "resources": {
    "hash": "sha256-Evca1xfVEuRVMl/rq4CCG804ZeIAWpRSkQO1eQh9yWE=",
    "runtime": {
      "dotnet.7.0.17.yny506yols.js": "sha256-E0n6hbqoR0T+sf5KQWRykPOVHyupoVmuMAlrNdZv/58=",
      "dotnet.timezones.blat": "sha256-GzDmKQksbAkzNe1GNrGcVtpc0naGXOFCpUzq3c/pV+c=",
      "dotnet.wasm": "sha256-1TzlpjpPBcQyKkN7jig5gOYq5W2IUnBtke91iD7/Kt0=",
      "icudt_CJK.dat": "sha256-SZLtQnRc0JkwqHab0VUVP7T3uBPSeYzxzDnpxPpUnHk=",
      "icudt_EFIGS.dat": "sha256-8fItetYY8kQ0ww6oxwTLiT3oXlBwHKumbeP2pRF4yTc=",
      "icudt_no_CJK.dat": "sha256-L7sV7NEYP37/Qr2FPCePo5cJqRgTXRwGHuwF5Q+0Nfs="
    },
    "assembly": {
      "BencodeNET.dll": "sha256-FjVFcMgw2wf7JcC61eCTlB8n85oE+MCx1x6arxKffvY=",
      "Blazored.LocalStorage.dll": "sha256-xcO4wZtFwM5I9DIZf1sZpOdcsaTjw1HyqJ5AWciMDAk=",
      "Blazored.Modal.dll": "sha256-OkL/zDQTP6kkz+pR8Lki2Pljk2hwf99nXDSmE1Id0cY=",
      "BlazorPagination.dll": "sha256-dMHq7CrMWeHn5R1pN72TRE/5YJfstWId26CDK9F0fKc=",
      "CloudDriveWasm.dll": "sha256-h0F+8yQNBwpZKmTtENgIghAxcWCMQqh/JoncAKifEJ4=",
      "Google.Protobuf.dll": "sha256-fbgEKuDAUrozCeY47E0v3KePFHYw0iz2DEjv+Ac0pgE=",
      "Grpc.Core.Api.dll": "sha256-FgISm4cNieuwSXAMLFrL3Yawn7QALqfnkfQmKXIlGAI=",
      "Grpc.Net.Client.dll": "sha256-IN63TPu6CkBW2jJ2rEOFjA8dtDaEWYAUJ7jHEYziGH4=",
      "Grpc.Net.Client.Web.dll": "sha256-ZGKTIhFlN+wripgd2aF0g00dZZ9ozRilJ/FVZFRU+vw=",
      "Grpc.Net.Common.dll": "sha256-4Y9n1ffB0SQnzb9rGDugUePGxHxJHOoNrekyeIvQYTM=",
      "Microsoft.AspNetCore.Components.dll": "sha256-ApCD0e0WJ3p5LCveYaJwEyzA2cAcugRHOABRPTVAu9w=",
      "Microsoft.AspNetCore.Components.Forms.dll": "sha256-YIsVgOTnHNH+qx7gAODd7nZsdjjK/bB3SbgyH2Jv9XE=",
      "Microsoft.AspNetCore.Components.Web.dll": "sha256-vrve2li4oj4V25hksOtw7VcecmKChNKsaIJusYBiuU0=",
      "Microsoft.AspNetCore.Components.WebAssembly.dll": "sha256-TqpOicrai+RnBF6vqna2QZofd9nxRRIWKBqaLVDusgY=",
      "Microsoft.Bcl.AsyncInterfaces.dll": "sha256-EcDo/GQZkQrOT1Xd0jMPE3NwT5lsMq5DNsPxHVidLDQ=",
      "Microsoft.Bcl.HashCode.dll": "sha256-y5+O+HE1PNgSn0TwPo3hH4YjhuwltS3gYIkrSTD2QOs=",
      "Microsoft.EntityFrameworkCore.Abstractions.dll": "sha256-jwuU8F7rNVOmV+vsvTYo3KNLtZkkSHB9wtU8kiR5Pqc=",
      "Microsoft.EntityFrameworkCore.dll": "sha256-jn/W0gQUemSfH2Jjn1HqrwruNu1qxVd6nZ9M6nSGvBs=",
      "Microsoft.Extensions.Caching.Abstractions.dll": "sha256-MAKm1/l29LzNn+uTDX/syx4a2rUfhiDIqjtZDkNKUjs=",
      "Microsoft.Extensions.Caching.Memory.dll": "sha256-HYFgNAjDjPbemdbcK+C34iuaskOuHBwiGN0QzTsiFLc=",
      "Microsoft.Extensions.Configuration.Abstractions.dll": "sha256-X/f4fDl2cuIRXeWHhK/f2UqQbFioD+RU4a4CEh0zrrQ=",
      "Microsoft.Extensions.Configuration.dll": "sha256-9PTAXNUj49C5pebEVtTsoRpdXR2henU28twwbTuo3DE=",
      "Microsoft.Extensions.Configuration.Json.dll": "sha256-Q5AqJneA2TZnzC0IYzBx6j/tHRhWAeMbpH3BsV7KgWg=",
      "Microsoft.Extensions.DependencyInjection.Abstractions.dll": "sha256-oqnKiIDoF7nZTn7r2ROFcU2LDzVHhwSrjInHka9KPdA=",
      "Microsoft.Extensions.DependencyInjection.dll": "sha256-vfrYKEAFFCox24A0WSVpyXSmb37165rnBqpkyUF/QwA=",
      "Microsoft.Extensions.Localization.Abstractions.dll": "sha256-W5qg7qQAfA0R+GnH3xNWeW3xVQGf9JB9K+7u8gM+wMA=",
      "Microsoft.Extensions.Localization.dll": "sha256-pQiSK5mlv8ZnKSyCWuV2D0RpzUSoq/RQLgZTY79aFEk=",
      "Microsoft.Extensions.Logging.Abstractions.dll": "sha256-XziYyWU765MMEbzjWk3br4shQynO1GyLBHH65ejG+8M=",
      "Microsoft.Extensions.Logging.dll": "sha256-Ph4JcBVRl6blMiw7aGCuJ6OrNtzL9k/obvxIVmqeWNQ=",
      "Microsoft.Extensions.Options.dll": "sha256-wre+hKKXkMGMevyOJFZjGvHYCrTSOFu4So3qzesaeIA=",
      "Microsoft.Extensions.Primitives.dll": "sha256-sPdkv1wd7P3O4JLiHZIrkTi2eeGHGBkIkMvVy8fOjvM=",
      "Microsoft.JSInterop.dll": "sha256-5J1zVK2DkWs2Nuk2e+EBljLcrha3i+2gDJXedvd6NyQ=",
      "Microsoft.JSInterop.WebAssembly.dll": "sha256-G6jIwqWCmOWar5ZgoZEzvrlU7P3WmB0OfzO3hTkXEIY=",
      "netstandard.dll": "sha256-vD/7fwKoJiVA5zurTfD253nnOFHqnG14GQsrbMh91Hs=",
      "System.Collections.Concurrent.dll": "sha256-6vNcDTtQUfMYWAOukXjb/sW204neiL9RW32uB/NPOCQ=",
      "System.Collections.dll": "sha256-SXhupXOVhMO62XzySQPrczk4EVFcHC0EEm/mkHVA5sk=",
      "System.Collections.Immutable.dll": "sha256-HkuhpOW1Q6AiJnMNLwA6uheJubVV0hz0ZQ/v/0yBdm0=",
      "System.Collections.NonGeneric.dll": "sha256-N5aavWoZOppT4iOHflC+rLEo6fqPdt74JNejTdG3q+k=",
      "System.Collections.Specialized.dll": "sha256-De4rrQTX2UQpvv4ol0ugI/y/zqckOMM7uow52kU0S1M=",
      "System.ComponentModel.Annotations.dll": "sha256-SrHcLftj5zZRkf+qs+lewTrHchpGm0Bvby1ntA3ENUE=",
      "System.ComponentModel.dll": "sha256-r3lkrv9NUkf8c31hSMcDIc/64N2Km035PZpEaq8wRFw=",
      "System.ComponentModel.Primitives.dll": "sha256-DlPsAO2ZYGLuKj2WLc+VNoDtRl84tM5+4n9jm8m3w7U=",
      "System.ComponentModel.TypeConverter.dll": "sha256-cHu3qcoEcxRtelWMmE3nHx+IPGFkI02ET9eO9/SsLvI=",
      "System.Console.dll": "sha256-y3NYwpwjZckYDTgZDLQTbFDFtFSG20vLkfx1uVyDx2s=",
      "System.Diagnostics.Debug.dll": "sha256-nM3+/9sXLLcq/m6L4iU2z4D6DQwOQ3z7yOSnx3UIzrw=",
      "System.Diagnostics.DiagnosticSource.dll": "sha256-NtjaYrBFH9OKdRMmqA7GUaxeBX54o6S2n2n8EaVEoE4=",
      "System.dll": "sha256-2FEsKQhYZvogenrH2eWTURpiwmkiCLdIUZg50IC7PDg=",
      "System.IO.Compression.dll": "sha256-VMCMyx/c/fp9rhIxRJDWDueoEpc01bDNW0Kyj48n/T0=",
      "System.IO.Pipelines.dll": "sha256-CPWRlou1jlcDvjFO+Szz3QH3/IGXpZ7w8Is28Gypou4=",
      "System.Linq.dll": "sha256-uTS1rx/nD2rDIFybPtfOBPb2LYHFHPusn+92Y/2MOTI=",
      "System.Linq.Expressions.dll": "sha256-okCyAI/28sJiv3zFVQb1SRb6QQsG3O5EYFGegaUD+cs=",
      "System.Linq.Queryable.dll": "sha256-VpMhH+c8sjKoxBoCJvwF/yajNgEuq86XNS/6tQaAfiI=",
      "System.Memory.dll": "sha256-XqtHAGaP05xodfCW+EtypdjhA7soWeKqyvPUGjz/Dbs=",
      "System.Net.Http.dll": "sha256-LNkt6bksv6oO9pdNKjx0BMMPFHGFWD66iT4j/qnBTX8=",
      "System.Net.NameResolution.dll": "sha256-RSR5hSq1siUBz3xOl24Kis9PBgAt29jmEE+OQAXl1Zc=",
      "System.Net.Primitives.dll": "sha256-4GA6O0Fi/bQLJlGroywAVcaFYDDlo/cj5Pdj9ZG86bg=",
      "System.Net.Sockets.dll": "sha256-u00jm8dXPBu50tWA3mZ6t+l864STdksc/O54QO5CoBk=",
      "System.ObjectModel.dll": "sha256-Ic3R/5Jb9EpCJftEvIaAVNM3cCrfjQB0dj8C8r07lSI=",
      "System.Private.CoreLib.dll": "sha256-7do9N+bdSn6KOFLnQhdvYxUwvvLZq59Krb8RaHViAEw=",
      "System.Private.Uri.dll": "sha256-3QTLmuF8XSQ642TTfd27ZBfI892y1m5sPQGyfNpU4WI=",
      "System.Resources.ResourceManager.dll": "sha256-KfrvplHQjBK+rIuXccoGCWASusKe+TbUyMi0UHHvg5Q=",
      "System.Runtime.dll": "sha256-W8Dj9Hp+B5FF13/GVYGiBf6WkQOXEbxVAsQiXWGKw8M=",
      "System.Runtime.InteropServices.JavaScript.dll": "sha256-1ofqj7zZxyz0rTNNU6oSfvSzK+0NimDaqNU56A5A6kE=",
      "System.Security.Cryptography.Algorithms.dll": "sha256-Kq8e6EdyhaZo/hAF8A4ibNpt61qn1yZ+GIkFMhKVmVg=",
      "System.Security.Cryptography.dll": "sha256-y5kmEuxsh/M/Ca2NAdj+/Pv0pYXCCdp7bJD4bZ3j3go=",
      "System.Security.Cryptography.Primitives.dll": "sha256-WOJ2PIevA30n2i2yBODJ2gzxTn6khBHOPtCkbxGKDmA=",
      "System.Text.Encodings.Web.dll": "sha256-T1ERtxndWmM/nfh/xDv3QVSjBCpBykhBYnULX9dFNcI=",
      "System.Text.Json.dll": "sha256-9MjjdkUFn4mPWDkpkkgbxObewQZPrCmxyY690Er/HcE=",
      "System.Text.RegularExpressions.dll": "sha256-ov9wUjyvZRcPEkWqjprR+/WbWlzKDWGSjqZyvPI2lk0=",
      "System.Threading.dll": "sha256-1R0j79sgxBoI/cvDm25LXOqIAOAHVGqLS90Hhr42hmI=",
      "System.Threading.Tasks.dll": "sha256-+hFPN7AaATzz1odq/Md3XV+CM7lE+BoU46jJ1loCjak=",
      "System.Threading.Tasks.Extensions.dll": "sha256-Va6ayErMhBNArEBjtKfd/cWIGbdM1vzHDVrLn6+IDnY=",
      "System.Threading.ThreadPool.dll": "sha256-9KJJHgclBff3nsJE5WrHCGOHptFWctVHBWVZKPJXSHc=",
      "System.Transactions.Local.dll": "sha256-nOBETxA3VKSfh7+u7AogJKF6A5ZbeRjsEljKBjQ7A34=",
      "System.Web.HttpUtility.dll": "sha256-lT6858H7Scf8yohQD9czyUkXwBgFi76n3XBXbPAAaVo="
    },
    "satelliteResources": {
      "zh-CN": {
        "zh-CN/CloudDriveWasm.resources.dll": "sha256-5Hf2j6wrV6kr7mbpYNpISt9QBHL7u68sgBUkV4QG5D0="
      }
    },
    "runtimeAssets": {
      "dotnet.wasm": {
        "hash": "sha256-1TzlpjpPBcQyKkN7jig5gOYq5W2IUnBtke91iD7/Kt0=",
        "behavior": "dotnetwasm"
      }
    }
  },
  "cacheBootResources": true,
  "debugBuild": false,
  "debugLevel": 0,
  "linkerEnabled": true,
  "config": [],
  "icuDataMode": 0,
  "extensions": {
    "blazor": {}
  }
}